<module>
  <inherits name="com.google.gwt.user.User"/>
  <inherits name="com.google.code.p.gwtchismes.GWTChismes"/>
  <!-- 
  <inherits name="com.google.gwt.user.theme.standard.Standard"/>
  <inherits name="com.google.gwt.user.theme.dark.Dark"/>
  <inherits name="com.google.gwt.user.theme.chrome.Chrome"/>
  -->
  
  <servlet path="/XMAS/utils"   class="com.miraiespana.xmas.client.gwt.utils.server.UtilsServerImpl"/>
  <servlet path="/XMAS/upload"   class="com.miraiespana.xmas.client.gwt.utils.server.XFileUploadServlet"/>
  <servlet path="/XMAS/upload.fu"   class="com.miraiespana.xmas.client.gwt.utils.server.XFileUploadServlet"/>
  
  <entry-point class="com.google.code.p.gwtcsample.client.GWTCSample"/>
  
  <extend-property name="locale" values="fr"/>
  <extend-property name="locale" values="es"/>
  <extend-property name="locale" values="en"/>
  <extend-property name="locale" values="ja"/>
  
</module>